{
    "file_name": "15011.jpg",
    "processing_time": {
        "leiden": 0.7915995121002197,
        "hedonic": 0.8157012462615967,
        "louvain": 0.7768599987030029,
        "label_propagation": 0.7683568000793457,
        "infomap": 0.9672954082489014
    },
    "memory_usage": {
        "leiden": 192.29296875,
        "hedonic": 199.13671875,
        "louvain": 195.43359375,
        "label_propagation": 197.7734375,
        "infomap": 201.02734375
    },
    "metrics": {
        "leiden": {
            "ami": 0.616108840175425,
            "rand_index": 0.8928464273584364,
            "f1_score": 0.49825495242551865,
            "iou": 0.9930440865020305
        },
        "hedonic": {
            "ami": 0.616108840175425,
            "rand_index": 0.8928464273584364,
            "f1_score": 0.49825495242551865,
            "iou": 0.9930440865020305
        },
        "louvain": {
            "ami": 0.5460714150748609,
            "rand_index": 0.8483384074299768,
            "f1_score": 0.47988438955867935,
            "iou": 0.9226494647055394
        },
        "label_propagation": {
            "ami": 0.591227193163596,
            "rand_index": 0.8692548049552553,
            "f1_score": 0.48333740459037017,
            "iou": 0.9354991224150103
        },
        "infomap": {
            "ami": 0.601023688186813,
            "rand_index": 0.8791116069042078,
            "f1_score": 0.48333740459037017,
            "iou": 0.9354991224150103
        }
    }
}