{
    "file_name": "15062.jpg",
    "processing_time": {
        "leiden": 0.7604174613952637,
        "hedonic": 0.7929656505584717,
        "louvain": 0.7609894275665283,
        "label_propagation": 0.7619187831878662,
        "infomap": 0.9202897548675537
    },
    "memory_usage": {
        "leiden": 192.9140625,
        "hedonic": 198.26953125,
        "louvain": 202.20703125,
        "label_propagation": 197.61328125,
        "infomap": 201.3515625
    },
    "metrics": {
        "leiden": {
            "ami": 0.5117953755891608,
            "rand_index": 0.7959950388083409,
            "f1_score": 0.4849385533005084,
            "iou": 0.941515922824334
        },
        "hedonic": {
            "ami": 0.5117953755891608,
            "rand_index": 0.7959950388083409,
            "f1_score": 0.4849385533005084,
            "iou": 0.941515922824334
        },
        "louvain": {
            "ami": 0.6451167146154244,
            "rand_index": 0.86220282532265,
            "f1_score": 0.4248854620628003,
            "iou": 0.7387840752326733
        },
        "label_propagation": {
            "ami": 0.581179235542986,
            "rand_index": 0.8195418204491615,
            "f1_score": 0.4652649588041961,
            "iou": 0.8700850383093374
        },
        "infomap": {
            "ami": 0.6477430566407124,
            "rand_index": 0.8658578339162815,
            "f1_score": 0.4248854620628003,
            "iou": 0.7387840752326733
        }
    }
}