{
    "file_name": "6046.jpg",
    "processing_time": {
        "leiden": 0.7705485820770264,
        "hedonic": 0.7988145351409912,
        "louvain": 0.7422914505004883,
        "label_propagation": 0.7839782238006592,
        "infomap": 0.8780803680419922
    },
    "memory_usage": {
        "leiden": 210.46484375,
        "hedonic": 215.0390625,
        "louvain": 211.0234375,
        "label_propagation": 214.31640625,
        "infomap": 218.70703125
    },
    "metrics": {
        "leiden": {
            "ami": 0.5392083463022224,
            "rand_index": 0.848002439764461,
            "f1_score": 0.4828130233804515,
            "iou": 0.9335366998918401
        },
        "hedonic": {
            "ami": 0.5392083463022224,
            "rand_index": 0.848002439764461,
            "f1_score": 0.4828130233804515,
            "iou": 0.9335366998918401
        },
        "louvain": {
            "ami": 0.5326636134769346,
            "rand_index": 0.8225236885697638,
            "f1_score": 0.44171288897245464,
            "iou": 0.7911930622210996
        },
        "label_propagation": {
            "ami": 0.5023079256811119,
            "rand_index": 0.783466719271765,
            "f1_score": 0.42477618946497825,
            "iou": 0.7384537664911497
        },
        "infomap": {
            "ami": 0.5773472449665463,
            "rand_index": 0.8415934534304105,
            "f1_score": 0.46402127238581886,
            "iou": 0.8657456881755947
        }
    }
}