{
    "file_name": "8068.jpg",
    "processing_time": {
        "leiden": 0.7726013660430908,
        "hedonic": 0.8258323669433594,
        "louvain": 0.7689871788024902,
        "label_propagation": 0.7891845703125,
        "infomap": 1.0162994861602783
    },
    "memory_usage": {
        "leiden": 216.0625,
        "hedonic": 223.25390625,
        "louvain": 220.09375,
        "label_propagation": 221.0625,
        "infomap": 224.1015625
    },
    "metrics": {
        "leiden": {
            "ami": 0.3307682757121528,
            "rand_index": 0.5931049692857838,
            "f1_score": 0.4985205803352485,
            "iou": 0.9940997791465082
        },
        "hedonic": {
            "ami": 0.3307682757121528,
            "rand_index": 0.5931049692857838,
            "f1_score": 0.4985205803352485,
            "iou": 0.9940997791465082
        },
        "louvain": {
            "ami": 0.39727882816947535,
            "rand_index": 0.6520984364513733,
            "f1_score": 0.4437783917950639,
            "iou": 0.7978445735455081
        },
        "label_propagation": {
            "ami": 0.38714031693628026,
            "rand_index": 0.6344316733230103,
            "f1_score": 0.46307630248360376,
            "iou": 0.8624620306863298
        },
        "infomap": {
            "ami": 0.3864628029119188,
            "rand_index": 0.6239272399776734,
            "f1_score": 0.48728515261801664,
            "iou": 0.9504018756355205
        }
    }
}